<?xml version="1.0" encoding="utf-8"?>
<root>
	<city id="1" cityname="北京市" pid="1" zipcode="100000">北京市</city>
	<city id="2" cityname="天津市" pid="2" zipcode="100000">天津市</city>
	<city id="3" cityname="石家庄市" pid="3" zipcode="050000">石家庄市</city>
	<city id="4" cityname="唐山市" pid="3" zipcode="063000">唐山市</city>
	<city id="5" cityname="秦皇岛市" pid="3" zipcode="066000">秦皇岛市</city>
	<city id="6" cityname="邯郸市" pid="3" zipcode="056000">邯郸市</city>
	<city id="7" cityname="邢台市" pid="3" zipcode="054000">邢台市</city>
	<city id="8" cityname="保定市" pid="3" zipcode="071000">保定市</city>
	<city id="9" cityname="张家口市" pid="3" zipcode="075000">张家口市</city>
	<city id="10" cityname="承德市" pid="3" zipcode="067000">承德市</city>
	<city id="11" cityname="沧州市" pid="3" zipcode="061000">沧州市</city>
	<city id="12" cityname="廊坊市" pid="3" zipcode="065000">廊坊市</city>
	<city id="13" cityname="衡水市" pid="3" zipcode="053000">衡水市</city>
	<city id="14" cityname="太原市" pid="4" zipcode="030000">太原市</city>
	<city id="15" cityname="大同市" pid="4" zipcode="037000">大同市</city>
	<city id="16" cityname="阳泉市" pid="4" zipcode="045000">阳泉市</city>
	<city id="17" cityname="长治市" pid="4" zipcode="046000">长治市</city>
	<city id="18" cityname="晋城市" pid="4" zipcode="048000">晋城市</city>
	<city id="19" cityname="朔州市" pid="4" zipcode="036000">朔州市</city>
	<city id="20" cityname="晋中市" pid="4" zipcode="030600">晋中市</city>
	<city id="21" cityname="运城市" pid="4" zipcode="044000">运城市</city>
	<city id="22" cityname="忻州市" pid="4" zipcode="034000">忻州市</city>
	<city id="23" cityname="临汾市" pid="4" zipcode="041000">临汾市</city>
	<city id="24" cityname="吕梁市" pid="4" zipcode="030500">吕梁市</city>
	<city id="25" cityname="呼和浩特市" pid="5" zipcode="010000">呼和浩特市</city>
	<city id="26" cityname="包头市" pid="5" zipcode="014000">包头市</city>
	<city id="27" cityname="乌海市" pid="5" zipcode="016000">乌海市</city>
	<city id="28" cityname="赤峰市" pid="5" zipcode="024000">赤峰市</city>
	<city id="29" cityname="通辽市" pid="5" zipcode="028000">通辽市</city>
	<city id="30" cityname="鄂尔多斯市" pid="5" zipcode="010300">鄂尔多斯市</city>
	<city id="31" cityname="呼伦贝尔市" pid="5" zipcode="021000">呼伦贝尔市</city>
	<city id="32" cityname="巴彦淖尔市" pid="5" zipcode="014400">巴彦淖尔市</city>
	<city id="33" cityname="乌兰察布市" pid="5" zipcode="011800">乌兰察布市</city>
	<city id="34" cityname="兴安盟" pid="5" zipcode="137500">兴安盟</city>
	<city id="35" cityname="锡林郭勒盟" pid="5" zipcode="011100">锡林郭勒盟</city>
	<city id="36" cityname="阿拉善盟" pid="5" zipcode="016000">阿拉善盟</city>
	<city id="37" cityname="沈阳市" pid="6" zipcode="110000">沈阳市</city>
	<city id="38" cityname="大连市" pid="6" zipcode="116000">大连市</city>
	<city id="39" cityname="鞍山市" pid="6" zipcode="114000">鞍山市</city>
	<city id="40" cityname="抚顺市" pid="6" zipcode="113000">抚顺市</city>
	<city id="41" cityname="本溪市" pid="6" zipcode="117000">本溪市</city>
	<city id="42" cityname="丹东市" pid="6" zipcode="118000">丹东市</city>
	<city id="43" cityname="锦州市" pid="6" zipcode="121000">锦州市</city>
	<city id="44" cityname="营口市" pid="6" zipcode="115000">营口市</city>
	<city id="45" cityname="阜新市" pid="6" zipcode="123000">阜新市</city>
	<city id="46" cityname="辽阳市" pid="6" zipcode="111000">辽阳市</city>
	<city id="47" cityname="盘锦市" pid="6" zipcode="124000">盘锦市</city>
	<city id="48" cityname="铁岭市" pid="6" zipcode="112000">铁岭市</city>
	<city id="49" cityname="朝阳市" pid="6" zipcode="122000">朝阳市</city>
	<city id="50" cityname="葫芦岛市" pid="6" zipcode="125000">葫芦岛市</city>
	<city id="51" cityname="长春市" pid="7" zipcode="130000">长春市</city>
	<city id="52" cityname="吉林市" pid="7" zipcode="132000">吉林市</city>
	<city id="53" cityname="四平市" pid="7" zipcode="136000">四平市</city>
	<city id="54" cityname="辽源市" pid="7" zipcode="136200">辽源市</city>
	<city id="55" cityname="通化市" pid="7" zipcode="134000">通化市</city>
	<city id="56" cityname="白山市" pid="7" zipcode="134300">白山市</city>
	<city id="57" cityname="松原市" pid="7" zipcode="131100">松原市</city>
	<city id="58" cityname="白城市" pid="7" zipcode="137000">白城市</city>
	<city id="59" cityname="延边朝鲜族自治州" pid="7" zipcode="133000">延边朝鲜族自治州</city>
	<city id="60" cityname="哈尔滨市" pid="8" zipcode="150000">哈尔滨市</city>
	<city id="61" cityname="齐齐哈尔市" pid="8" zipcode="161000">齐齐哈尔市</city>
	<city id="62" cityname="鸡西市" pid="8" zipcode="158100">鸡西市</city>
	<city id="63" cityname="鹤岗市" pid="8" zipcode="154100">鹤岗市</city>
	<city id="64" cityname="双鸭山市" pid="8" zipcode="155100">双鸭山市</city>
	<city id="65" cityname="大庆市" pid="8" zipcode="163000">大庆市</city>
	<city id="66" cityname="伊春市" pid="8" zipcode="152300">伊春市</city>
	<city id="67" cityname="佳木斯市" pid="8" zipcode="154000">佳木斯市</city>
	<city id="68" cityname="七台河市" pid="8" zipcode="154600">七台河市</city>
	<city id="69" cityname="牡丹江市" pid="8" zipcode="157000">牡丹江市</city>
	<city id="70" cityname="黑河市" pid="8" zipcode="164300">黑河市</city>
	<city id="71" cityname="绥化市" pid="8" zipcode="152000">绥化市</city>
	<city id="72" cityname="大兴安岭地区" pid="8" zipcode="165000">大兴安岭地区</city>
	<city id="73" cityname="上海市" pid="9" zipcode="200000">上海市</city>
	<city id="74" cityname="南京市" pid="10" zipcode="210000">南京市</city>
	<city id="75" cityname="无锡市" pid="10" zipcode="214000">无锡市</city>
	<city id="76" cityname="徐州市" pid="10" zipcode="221000">徐州市</city>
	<city id="77" cityname="常州市" pid="10" zipcode="213000">常州市</city>
	<city id="78" cityname="苏州市" pid="10" zipcode="215000">苏州市</city>
	<city id="79" cityname="南通市" pid="10" zipcode="226000">南通市</city>
	<city id="80" cityname="连云港市" pid="10" zipcode="222000">连云港市</city>
	<city id="81" cityname="淮安市" pid="10" zipcode="223200">淮安市</city>
	<city id="82" cityname="盐城市" pid="10" zipcode="224000">盐城市</city>
	<city id="83" cityname="扬州市" pid="10" zipcode="225000">扬州市</city>
	<city id="84" cityname="镇江市" pid="10" zipcode="212000">镇江市</city>
	<city id="85" cityname="泰州市" pid="10" zipcode="225300">泰州市</city>
	<city id="86" cityname="宿迁市" pid="10" zipcode="223800">宿迁市</city>
	<city id="87" cityname="杭州市" pid="11" zipcode="310000">杭州市</city>
	<city id="88" cityname="宁波市" pid="11" zipcode="315000">宁波市</city>
	<city id="89" cityname="温州市" pid="11" zipcode="325000">温州市</city>
	<city id="90" cityname="嘉兴市" pid="11" zipcode="314000">嘉兴市</city>
	<city id="91" cityname="湖州市" pid="11" zipcode="313000">湖州市</city>
	<city id="92" cityname="绍兴市" pid="11" zipcode="312000">绍兴市</city>
	<city id="93" cityname="金华市" pid="11" zipcode="321000">金华市</city>
	<city id="94" cityname="衢州市" pid="11" zipcode="324000">衢州市</city>
	<city id="95" cityname="舟山市" pid="11" zipcode="316000">舟山市</city>
	<city id="96" cityname="台州市" pid="11" zipcode="318000">台州市</city>
	<city id="97" cityname="丽水市" pid="11" zipcode="323000">丽水市</city>
	<city id="98" cityname="合肥市" pid="12" zipcode="230000">合肥市</city>
	<city id="99" cityname="芜湖市" pid="12" zipcode="241000">芜湖市</city>
	<city id="100" cityname="蚌埠市" pid="12" zipcode="233000">蚌埠市</city>
	<city id="101" cityname="淮南市" pid="12" zipcode="232000">淮南市</city>
	<city id="102" cityname="马鞍山市" pid="12" zipcode="243000">马鞍山市</city>
	<city id="103" cityname="淮北市" pid="12" zipcode="235000">淮北市</city>
	<city id="104" cityname="铜陵市" pid="12" zipcode="244000">铜陵市</city>
	<city id="105" cityname="安庆市" pid="12" zipcode="246000">安庆市</city>
	<city id="106" cityname="黄山市" pid="12" zipcode="242700">黄山市</city>
	<city id="107" cityname="滁州市" pid="12" zipcode="239000">滁州市</city>
	<city id="108" cityname="阜阳市" pid="12" zipcode="236100">阜阳市</city>
	<city id="109" cityname="宿州市" pid="12" zipcode="234100">宿州市</city>
	<city id="110" cityname="巢湖市" pid="12" zipcode="238000">巢湖市</city>
	<city id="111" cityname="六安市" pid="12" zipcode="237000">六安市</city>
	<city id="112" cityname="亳州市" pid="12" zipcode="236800">亳州市</city>
	<city id="113" cityname="池州市" pid="12" zipcode="247100">池州市</city>
	<city id="114" cityname="宣城市" pid="12" zipcode="366000">宣城市</city>
	<city id="115" cityname="福州市" pid="13" zipcode="350000">福州市</city>
	<city id="116" cityname="厦门市" pid="13" zipcode="361000">厦门市</city>
	<city id="117" cityname="莆田市" pid="13" zipcode="351100">莆田市</city>
	<city id="118" cityname="三明市" pid="13" zipcode="365000">三明市</city>
	<city id="119" cityname="泉州市" pid="13" zipcode="362000">泉州市</city>
	<city id="120" cityname="漳州市" pid="13" zipcode="363000">漳州市</city>
	<city id="121" cityname="南平市" pid="13" zipcode="353000">南平市</city>
	<city id="122" cityname="龙岩市" pid="13" zipcode="364000">龙岩市</city>
	<city id="123" cityname="宁德市" pid="13" zipcode="352100">宁德市</city>
	<city id="124" cityname="南昌市" pid="14" zipcode="330000">南昌市</city>
	<city id="125" cityname="景德镇市" pid="14" zipcode="333000">景德镇市</city>
	<city id="126" cityname="萍乡市" pid="14" zipcode="337000">萍乡市</city>
	<city id="127" cityname="九江市" pid="14" zipcode="332000">九江市</city>
	<city id="128" cityname="新余市" pid="14" zipcode="338000">新余市</city>
	<city id="129" cityname="鹰潭市" pid="14" zipcode="335000">鹰潭市</city>
	<city id="130" cityname="赣州市" pid="14" zipcode="341000">赣州市</city>
	<city id="131" cityname="吉安市" pid="14" zipcode="343000">吉安市</city>
	<city id="132" cityname="宜春市" pid="14" zipcode="336000">宜春市</city>
	<city id="133" cityname="抚州市" pid="14" zipcode="332900">抚州市</city>
	<city id="134" cityname="上饶市" pid="14" zipcode="334000">上饶市</city>
	<city id="135" cityname="济南市" pid="15" zipcode="250000">济南市</city>
	<city id="136" cityname="青岛市" pid="15" zipcode="266000">青岛市</city>
	<city id="137" cityname="淄博市" pid="15" zipcode="255000">淄博市</city>
	<city id="138" cityname="枣庄市" pid="15" zipcode="277100">枣庄市</city>
	<city id="139" cityname="东营市" pid="15" zipcode="257000">东营市</city>
	<city id="140" cityname="烟台市" pid="15" zipcode="264000">烟台市</city>
	<city id="141" cityname="潍坊市" pid="15" zipcode="261000">潍坊市</city>
	<city id="142" cityname="济宁市" pid="15" zipcode="272100">济宁市</city>
	<city id="143" cityname="泰安市" pid="15" zipcode="271000">泰安市</city>
	<city id="144" cityname="威海市" pid="15" zipcode="265700">威海市</city>
	<city id="145" cityname="日照市" pid="15" zipcode="276800">日照市</city>
	<city id="146" cityname="莱芜市" pid="15" zipcode="271100">莱芜市</city>
	<city id="147" cityname="临沂市" pid="15" zipcode="276000">临沂市</city>
	<city id="148" cityname="德州市" pid="15" zipcode="253000">德州市</city>
	<city id="149" cityname="聊城市" pid="15" zipcode="252000">聊城市</city>
	<city id="150" cityname="滨州市" pid="15" zipcode="256600">滨州市</city>
	<city id="151" cityname="荷泽市" pid="15" zipcode="255000">荷泽市</city>
	<city id="152" cityname="郑州市" pid="16" zipcode="450000">郑州市</city>
	<city id="153" cityname="开封市" pid="16" zipcode="475000">开封市</city>
	<city id="154" cityname="洛阳市" pid="16" zipcode="471000">洛阳市</city>
	<city id="155" cityname="平顶山市" pid="16" zipcode="467000">平顶山市</city>
	<city id="156" cityname="安阳市" pid="16" zipcode="454900">安阳市</city>
	<city id="157" cityname="鹤壁市" pid="16" zipcode="456600">鹤壁市</city>
	<city id="158" cityname="新乡市" pid="16" zipcode="453000">新乡市</city>
	<city id="159" cityname="焦作市" pid="16" zipcode="454100">焦作市</city>
	<city id="160" cityname="濮阳市" pid="16" zipcode="457000">濮阳市</city>
	<city id="161" cityname="许昌市" pid="16" zipcode="461000">许昌市</city>
	<city id="162" cityname="漯河市" pid="16" zipcode="462000">漯河市</city>
	<city id="163" cityname="三门峡市" pid="16" zipcode="472000">三门峡市</city>
	<city id="164" cityname="南阳市" pid="16" zipcode="473000">南阳市</city>
	<city id="165" cityname="商丘市" pid="16" zipcode="476000">商丘市</city>
	<city id="166" cityname="信阳市" pid="16" zipcode="464000">信阳市</city>
	<city id="167" cityname="周口市" pid="16" zipcode="466000">周口市</city>
	<city id="168" cityname="驻马店市" pid="16" zipcode="463000">驻马店市</city>
	<city id="169" cityname="武汉市" pid="17" zipcode="430000">武汉市</city>
	<city id="170" cityname="黄石市" pid="17" zipcode="435000">黄石市</city>
	<city id="171" cityname="十堰市" pid="17" zipcode="442000">十堰市</city>
	<city id="172" cityname="宜昌市" pid="17" zipcode="443000">宜昌市</city>
	<city id="173" cityname="襄樊市" pid="17" zipcode="441000">襄樊市</city>
	<city id="174" cityname="鄂州市" pid="17" zipcode="436000">鄂州市</city>
	<city id="175" cityname="荆门市" pid="17" zipcode="448000">荆门市</city>
	<city id="176" cityname="孝感市" pid="17" zipcode="432100">孝感市</city>
	<city id="177" cityname="荆州市" pid="17" zipcode="434000">荆州市</city>
	<city id="178" cityname="黄冈市" pid="17" zipcode="438000">黄冈市</city>
	<city id="179" cityname="咸宁市" pid="17" zipcode="437000">咸宁市</city>
	<city id="180" cityname="随州市" pid="17" zipcode="441300">随州市</city>
	<city id="181" cityname="恩施土家族苗族自治州" pid="17" zipcode="445000">恩施土家族苗族自治州</city>
	<city id="182" cityname="神农架" pid="17" zipcode="442400">神农架</city>
	<city id="183" cityname="长沙市" pid="18" zipcode="410000">长沙市</city>
	<city id="184" cityname="株洲市" pid="18" zipcode="412000">株洲市</city>
	<city id="185" cityname="湘潭市" pid="18" zipcode="411100">湘潭市</city>
	<city id="186" cityname="衡阳市" pid="18" zipcode="421000">衡阳市</city>
	<city id="187" cityname="邵阳市" pid="18" zipcode="422000">邵阳市</city>
	<city id="188" cityname="岳阳市" pid="18" zipcode="414000">岳阳市</city>
	<city id="189" cityname="常德市" pid="18" zipcode="415000">常德市</city>
	<city id="190" cityname="张家界市" pid="18" zipcode="427000">张家界市</city>
	<city id="191" cityname="益阳市" pid="18" zipcode="413000">益阳市</city>
	<city id="192" cityname="郴州市" pid="18" zipcode="423000">郴州市</city>
	<city id="193" cityname="永州市" pid="18" zipcode="425000">永州市</city>
	<city id="194" cityname="怀化市" pid="18" zipcode="418000">怀化市</city>
	<city id="195" cityname="娄底市" pid="18" zipcode="417000">娄底市</city>
	<city id="196" cityname="湘西土家族苗族自治州" pid="18" zipcode="416000">湘西土家族苗族自治州</city>
	<city id="197" cityname="广州市" pid="19" zipcode="510000">广州市</city>
	<city id="198" cityname="韶关市" pid="19" zipcode="521000">韶关市</city>
	<city id="199" cityname="深圳市" pid="19" zipcode="518000">深圳市</city>
	<city id="200" cityname="珠海市" pid="19" zipcode="519000">珠海市</city>
	<city id="201" cityname="汕头市" pid="19" zipcode="515000">汕头市</city>
	<city id="202" cityname="佛山市" pid="19" zipcode="528000">佛山市</city>
	<city id="203" cityname="江门市" pid="19" zipcode="529000">江门市</city>
	<city id="204" cityname="湛江市" pid="19" zipcode="524000">湛江市</city>
	<city id="205" cityname="茂名市" pid="19" zipcode="525000">茂名市</city>
	<city id="206" cityname="肇庆市" pid="19" zipcode="526000">肇庆市</city>
	<city id="207" cityname="惠州市" pid="19" zipcode="516000">惠州市</city>
	<city id="208" cityname="梅州市" pid="19" zipcode="514000">梅州市</city>
	<city id="209" cityname="汕尾市" pid="19" zipcode="516600">汕尾市</city>
	<city id="210" cityname="河源市" pid="19" zipcode="517000">河源市</city>
	<city id="211" cityname="阳江市" pid="19" zipcode="529500">阳江市</city>
	<city id="212" cityname="清远市" pid="19" zipcode="511500">清远市</city>
	<city id="213" cityname="东莞市" pid="19" zipcode="511700">东莞市</city>
	<city id="214" cityname="中山市" pid="19" zipcode="528400">中山市</city>
	<city id="215" cityname="潮州市" pid="19" zipcode="515600">潮州市</city>
	<city id="216" cityname="揭阳市" pid="19" zipcode="522000">揭阳市</city>
	<city id="217" cityname="云浮市" pid="19" zipcode="527300">云浮市</city>
	<city id="218" cityname="南宁市" pid="20" zipcode="530000">南宁市</city>
	<city id="219" cityname="柳州市" pid="20" zipcode="545000">柳州市</city>
	<city id="220" cityname="桂林市" pid="20" zipcode="541000">桂林市</city>
	<city id="221" cityname="梧州市" pid="20" zipcode="543000">梧州市</city>
	<city id="222" cityname="北海市" pid="20" zipcode="536000">北海市</city>
	<city id="223" cityname="防城港市" pid="20" zipcode="538000">防城港市</city>
	<city id="224" cityname="钦州市" pid="20" zipcode="535000">钦州市</city>
	<city id="225" cityname="贵港市" pid="20" zipcode="537100">贵港市</city>
	<city id="226" cityname="玉林市" pid="20" zipcode="537000">玉林市</city>
	<city id="227" cityname="百色市" pid="20" zipcode="533000">百色市</city>
	<city id="228" cityname="贺州市" pid="20" zipcode="542800">贺州市</city>
	<city id="229" cityname="河池市" pid="20" zipcode="547000">河池市</city>
	<city id="230" cityname="来宾市" pid="20" zipcode="546100">来宾市</city>
	<city id="231" cityname="崇左市" pid="20" zipcode="532200">崇左市</city>
	<city id="232" cityname="海口市" pid="21" zipcode="570000">海口市</city>
	<city id="233" cityname="三亚市" pid="21" zipcode="572000">三亚市</city>
	<city id="234" cityname="重庆市" pid="22" zipcode="400000">重庆市</city>
	<city id="235" cityname="成都市" pid="23" zipcode="610000">成都市</city>
	<city id="236" cityname="自贡市" pid="23" zipcode="643000">自贡市</city>
	<city id="237" cityname="攀枝花市" pid="23" zipcode="617000">攀枝花市</city>
	<city id="238" cityname="泸州市" pid="23" zipcode="646100">泸州市</city>
	<city id="239" cityname="德阳市" pid="23" zipcode="618000">德阳市</city>
	<city id="240" cityname="绵阳市" pid="23" zipcode="621000">绵阳市</city>
	<city id="241" cityname="广元市" pid="23" zipcode="628000">广元市</city>
	<city id="242" cityname="遂宁市" pid="23" zipcode="629000">遂宁市</city>
	<city id="243" cityname="内江市" pid="23" zipcode="641000">内江市</city>
	<city id="244" cityname="乐山市" pid="23" zipcode="614000">乐山市</city>
	<city id="245" cityname="南充市" pid="23" zipcode="637000">南充市</city>
	<city id="246" cityname="眉山市" pid="23" zipcode="612100">眉山市</city>
	<city id="247" cityname="宜宾市" pid="23" zipcode="644000">宜宾市</city>
	<city id="248" cityname="广安市" pid="23" zipcode="638000">广安市</city>
	<city id="249" cityname="达州市" pid="23" zipcode="635000">达州市</city>
	<city id="250" cityname="雅安市" pid="23" zipcode="625000">雅安市</city>
	<city id="251" cityname="巴中市" pid="23" zipcode="635500">巴中市</city>
	<city id="252" cityname="资阳市" pid="23" zipcode="641300">资阳市</city>
	<city id="253" cityname="阿坝藏族羌族自治州" pid="23" zipcode="624600">阿坝藏族羌族自治州</city>
	<city id="254" cityname="甘孜藏族自治州" pid="23" zipcode="626000">甘孜藏族自治州</city>
	<city id="255" cityname="凉山彝族自治州" pid="23" zipcode="615000">凉山彝族自治州</city>
	<city id="256" cityname="贵阳市" pid="24" zipcode="55000">贵阳市</city>
	<city id="257" cityname="六盘水市" pid="24" zipcode="553000">六盘水市</city>
	<city id="258" cityname="遵义市" pid="24" zipcode="563000">遵义市</city>
	<city id="259" cityname="安顺市" pid="24" zipcode="561000">安顺市</city>
	<city id="260" cityname="铜仁地区" pid="24" zipcode="554300">铜仁地区</city>
	<city id="261" cityname="黔西南布依族苗族自治州" pid="24" zipcode="551500">黔西南布依族苗族自治州</city>
	<city id="262" cityname="毕节地区" pid="24" zipcode="551700">毕节地区</city>
	<city id="263" cityname="黔东南苗族侗族自治州" pid="24" zipcode="551500">黔东南苗族侗族自治州</city>
	<city id="264" cityname="黔南布依族苗族自治州" pid="24" zipcode="550100">黔南布依族苗族自治州</city>
	<city id="265" cityname="昆明市" pid="25" zipcode="650000">昆明市</city>
	<city id="266" cityname="曲靖市" pid="25" zipcode="655000">曲靖市</city>
	<city id="267" cityname="玉溪市" pid="25" zipcode="653100">玉溪市</city>
	<city id="268" cityname="保山市" pid="25" zipcode="678000">保山市</city>
	<city id="269" cityname="昭通市" pid="25" zipcode="657000">昭通市</city>
	<city id="270" cityname="丽江市" pid="25" zipcode="674100">丽江市</city>
	<city id="271" cityname="思茅市" pid="25" zipcode="665000">思茅市</city>
	<city id="272" cityname="临沧市" pid="25" zipcode="677000">临沧市</city>
	<city id="273" cityname="楚雄彝族自治州" pid="25" zipcode="675000">楚雄彝族自治州</city>
	<city id="274" cityname="红河哈尼族彝族自治州" pid="25" zipcode="654400">红河哈尼族彝族自治州</city>
	<city id="275" cityname="文山壮族苗族自治州" pid="25" zipcode="663000">文山壮族苗族自治州</city>
	<city id="276" cityname="西双版纳傣族自治州" pid="25" zipcode="666200">西双版纳傣族自治州</city>
	<city id="277" cityname="大理白族自治州" pid="25" zipcode="671000">大理白族自治州</city>
	<city id="278" cityname="德宏傣族景颇族自治州" pid="25" zipcode="678400">德宏傣族景颇族自治州</city>
	<city id="279" cityname="怒江傈僳族自治州" pid="25" zipcode="671400">怒江傈僳族自治州</city>
	<city id="280" cityname="迪庆藏族自治州" pid="25" zipcode="674400">迪庆藏族自治州</city>
	<city id="281" cityname="拉萨市" pid="26" zipcode="850000">拉萨市</city>
	<city id="282" cityname="昌都地区" pid="26" zipcode="854000">昌都地区</city>
	<city id="283" cityname="山南地区" pid="26" zipcode="856000">山南地区</city>
	<city id="284" cityname="日喀则地区" pid="26" zipcode="857000">日喀则地区</city>
	<city id="285" cityname="那曲地区" pid="26" zipcode="852000">那曲地区</city>
	<city id="286" cityname="阿里地区" pid="26" zipcode="859100">阿里地区</city>
	<city id="287" cityname="林芝地区" pid="26" zipcode="860100">林芝地区</city>
	<city id="288" cityname="西安市" pid="27" zipcode="710000">西安市</city>
	<city id="289" cityname="铜川市" pid="27" zipcode="727000">铜川市</city>
	<city id="290" cityname="宝鸡市" pid="27" zipcode="721000">宝鸡市</city>
	<city id="291" cityname="咸阳市" pid="27" zipcode="712000">咸阳市</city>
	<city id="292" cityname="渭南市" pid="27" zipcode="714000">渭南市</city>
	<city id="293" cityname="延安市" pid="27" zipcode="716000">延安市</city>
	<city id="294" cityname="汉中市" pid="27" zipcode="723000">汉中市</city>
	<city id="295" cityname="榆林市" pid="27" zipcode="719000">榆林市</city>
	<city id="296" cityname="安康市" pid="27" zipcode="725000">安康市</city>
	<city id="297" cityname="商洛市" pid="27" zipcode="711500">商洛市</city>
	<city id="298" cityname="兰州市" pid="28" zipcode="730000">兰州市</city>
	<city id="299" cityname="嘉峪关市" pid="28" zipcode="735100">嘉峪关市</city>
	<city id="300" cityname="金昌市" pid="28" zipcode="737100">金昌市</city>
	<city id="301" cityname="白银市" pid="28" zipcode="730900">白银市</city>
	<city id="302" cityname="天水市" pid="28" zipcode="741000">天水市</city>
	<city id="303" cityname="武威市" pid="28" zipcode="733000">武威市</city>
	<city id="304" cityname="张掖市" pid="28" zipcode="734000">张掖市</city>
	<city id="305" cityname="平凉市" pid="28" zipcode="744000">平凉市</city>
	<city id="306" cityname="酒泉市" pid="28" zipcode="735000">酒泉市</city>
	<city id="307" cityname="庆阳市" pid="28" zipcode="744500">庆阳市</city>
	<city id="308" cityname="定西市" pid="28" zipcode="743000">定西市</city>
	<city id="309" cityname="陇南市" pid="28" zipcode="742100">陇南市</city>
	<city id="310" cityname="临夏回族自治州" pid="28" zipcode="731100">临夏回族自治州</city>
	<city id="311" cityname="甘南藏族自治州" pid="28" zipcode="747000">甘南藏族自治州</city>
	<city id="312" cityname="西宁市" pid="29" zipcode="810000">西宁市</city>
	<city id="313" cityname="海东地区" pid="29" zipcode="810600">海东地区</city>
	<city id="314" cityname="海北藏族自治州" pid="29" zipcode="810300">海北藏族自治州</city>
	<city id="315" cityname="黄南藏族自治州" pid="29" zipcode="811300">黄南藏族自治州</city>
	<city id="316" cityname="海南藏族自治州" pid="29" zipcode="813000">海南藏族自治州</city>
	<city id="317" cityname="果洛藏族自治州" pid="29" zipcode="814000">果洛藏族自治州</city>
	<city id="318" cityname="玉树藏族自治州" pid="29" zipcode="815000">玉树藏族自治州</city>
	<city id="319" cityname="海西蒙古族藏族自治州" pid="29" zipcode="817000">海西蒙古族藏族自治州</city>
	<city id="320" cityname="银川市" pid="30" zipcode="750000">银川市</city>
	<city id="321" cityname="石嘴山市" pid="30" zipcode="753000">石嘴山市</city>
	<city id="322" cityname="吴忠市" pid="30" zipcode="751100">吴忠市</city>
	<city id="323" cityname="固原市" pid="30" zipcode="756000">固原市</city>
	<city id="324" cityname="中卫市" pid="30" zipcode="751700">中卫市</city>
	<city id="325" cityname="乌鲁木齐市" pid="31" zipcode="830000">乌鲁木齐市</city>
	<city id="326" cityname="克拉玛依市" pid="31" zipcode="834000">克拉玛依市</city>
	<city id="327" cityname="吐鲁番地区" pid="31" zipcode="838000">吐鲁番地区</city>
	<city id="328" cityname="哈密地区" pid="31" zipcode="839000">哈密地区</city>
	<city id="329" cityname="昌吉回族自治州" pid="31" zipcode="831100">昌吉回族自治州</city>
	<city id="330" cityname="博尔塔拉蒙古自治州" pid="31" zipcode="833400">博尔塔拉蒙古自治州</city>
	<city id="331" cityname="巴音郭楞蒙古自治州" pid="31" zipcode="841000">巴音郭楞蒙古自治州</city>
	<city id="332" cityname="阿克苏地区" pid="31" zipcode="843000">阿克苏地区</city>
	<city id="333" cityname="克孜勒苏柯尔克孜自治州" pid="31" zipcode="835600">克孜勒苏柯尔克孜自治州</city>
	<city id="334" cityname="喀什地区" pid="31" zipcode="844000">喀什地区</city>
	<city id="335" cityname="和田地区" pid="31" zipcode="848000">和田地区</city>
	<city id="336" cityname="伊犁哈萨克自治州" pid="31" zipcode="833200">伊犁哈萨克自治州</city>
	<city id="337" cityname="塔城地区" pid="31" zipcode="834700">塔城地区</city>
	<city id="338" cityname="阿勒泰地区" pid="31" zipcode="836500">阿勒泰地区</city>
	<city id="339" cityname="石河子市" pid="31" zipcode="832000">石河子市</city>
	<city id="340" cityname="阿拉尔市" pid="31" zipcode="843300">阿拉尔市</city>
	<city id="341" cityname="图木舒克市" pid="31" zipcode="843900">图木舒克市</city>
	<city id="342" cityname="五家渠市" pid="31" zipcode="831300">五家渠市</city>
	<city id="343" cityname="香港特别行政区" pid="32" zipcode="000000">香港特别行政区</city>
	<city id="344" cityname="澳门特别行政区" pid="33" zipcode="000000">澳门特别行政区</city>
	<city id="345" cityname="台湾省" pid="34" zipcode="000000">台湾省</city>
</root>