<?xml version="1.0" encoding="UTF-8"?>
<root>
	<product>
		<title><![CDATA[产品售价]]></title>
		<status><![CDATA[1]]></status>
		<action><![CDATA[add]]></action>
		<taxis><![CDATA[1]]></taxis>
	</product>
	<shipping>
		<title><![CDATA[运费]]></title>
		<status><![CDATA[1]]></status>
		<action><![CDATA[add]]></action>
		<taxis><![CDATA[2]]></taxis>
	</shipping>
	<fee>
		<title><![CDATA[手续费]]></title>
		<status><![CDATA[0]]></status>
		<action><![CDATA[add]]></action>
		<taxis><![CDATA[3]]></taxis>
	</fee>
	<discount>
		<title><![CDATA[优惠价格]]></title>
		<status><![CDATA[1]]></status>
		<action><![CDATA[less]]></action>
		<taxis><![CDATA[4]]></taxis>
	</discount>
</root>