<?xml version="1.0" encoding="utf-8"?>
<root>
	<province id="1" provincename="北京市">北京市</province>
	<province id="2" provincename="天津市">天津市</province>
	<province id="3" provincename="河北省">河北省</province>
	<province id="4" provincename="山西省">山西省</province>
	<province id="5" provincename="内蒙古自治区">内蒙古自治区</province>
	<province id="6" provincename="辽宁省">辽宁省</province>
	<province id="7" provincename="吉林省">吉林省</province>
	<province id="8" provincename="黑龙江省">黑龙江省</province>
	<province id="9" provincename="上海市">上海市</province>
	<province id="10" provincename="江苏省">江苏省</province>
	<province id="11" provincename="浙江省">浙江省</province>
	<province id="12" provincename="安徽省">安徽省</province>
	<province id="13" provincename="福建省">福建省</province>
	<province id="14" provincename="江西省">江西省</province>
	<province id="15" provincename="山东省">山东省</province>
	<province id="16" provincename="河南省">河南省</province>
	<province id="17" provincename="湖北省">湖北省</province>
	<province id="18" provincename="湖南省">湖南省</province>
	<province id="19" provincename="广东省">广东省</province>
	<province id="20" provincename="广西壮族自治区">广西壮族自治区</province>
	<province id="21" provincename="海南省">海南省</province>
	<province id="22" provincename="重庆市">重庆市</province>
	<province id="23" provincename="四川省">四川省</province>
	<province id="24" provincename="贵州省">贵州省</province>
	<province id="25" provincename="云南省">云南省</province>
	<province id="26" provincename="西藏自治区">西藏自治区</province>
	<province id="27" provincename="陕西省">陕西省</province>
	<province id="28" provincename="甘肃省">甘肃省</province>
	<province id="29" provincename="青海省">青海省</province>
	<province id="30" provincename="宁夏回族自治区">宁夏回族自治区</province>
	<province id="31" provincename="新疆维吾尔自治区">新疆维吾尔自治区</province>
	<province id="32" provincename="香港特别行政区">香港特别行政区</province>
	<province id="33" provincename="澳门特别行政区">澳门特别行政区</province>
	<province id="34" provincename="台湾省">台湾省</province>
</root>