<?xml version="1.0" encoding="UTF-8"?>
<root>
	<system>
		<title><![CDATA[系统设置]]></title>
		<list>
			<login>
				<title><![CDATA[登录]]></title>
				<status><![CDATA[1]]></status>
			</login>
			<register>
				<title><![CDATA[注册]]></title>
				<status><![CDATA[]]></status>
			</register>
			<getpass>
				<title><![CDATA[忘记密码]]></title>
				<status><![CDATA[1]]></status>
			</getpass>
		</list>
	</system>
	<p-43>
		<list>
			<add>
				<status><![CDATA[]]></status>
			</add>
			<edit>
				<status><![CDATA[1]]></status>
			</edit>
			<comment>
				<status><![CDATA[1]]></status>
			</comment>
		</list>
	</p-43>
	<p-45>
		<list>
			<add>
				<status><![CDATA[]]></status>
			</add>
			<edit>
				<status><![CDATA[1]]></status>
			</edit>
			<comment>
				<status><![CDATA[1]]></status>
			</comment>
		</list>
	</p-45>
	<p-96>
		<list>
			<add>
				<status><![CDATA[1]]></status>
			</add>
			<edit>
				<status><![CDATA[1]]></status>
			</edit>
			<comment>
				<status><![CDATA[1]]></status>
			</comment>
		</list>
	</p-96>
	<p-144>
		<list>
			<add>
				<status><![CDATA[1]]></status>
			</add>
			<edit>
				<status><![CDATA[1]]></status>
			</edit>
			<comment>
				<status><![CDATA[1]]></status>
			</comment>
		</list>
	</p-144>
	<p-151>
		<list>
			<add>
				<status><![CDATA[1]]></status>
			</add>
			<edit>
				<status><![CDATA[1]]></status>
			</edit>
			<comment>
				<status><![CDATA[1]]></status>
			</comment>
		</list>
	</p-151>
	<p-152>
		<list>
			<add>
				<status><![CDATA[1]]></status>
			</add>
			<edit>
				<status><![CDATA[1]]></status>
			</edit>
			<comment>
				<status><![CDATA[1]]></status>
			</comment>
		</list>
	</p-152>
	<p-386>
		<list>
			<add>
				<status><![CDATA[]]></status>
			</add>
			<edit>
				<status><![CDATA[1]]></status>
			</edit>
			<comment>
				<status><![CDATA[1]]></status>
			</comment>
		</list>
	</p-386>
</root>