<?xml version="1.0" encoding="utf-8"?>
<root>
	<title><![CDATA[通栏图片]]></title>
	<identifier><![CDATA[banner]]></identifier>
	<field_type><![CDATA[varchar]]></field_type>
	<note><![CDATA[]]></note>
	<form_type><![CDATA[upload]]></form_type>
	<form_style><![CDATA[]]></form_style>
	<format><![CDATA[safe]]></format>
	<content><![CDATA[]]></content>
	<ext>
		<cate_id><![CDATA[1]]></cate_id>
		<cate_custom><![CDATA[0]]></cate_custom>
		<is_multiple><![CDATA[0]]></is_multiple>
		<upload_type><![CDATA[png,jpg,gif]]></upload_type>
		<upload_name><![CDATA[图片]]></upload_name>
		<upload_binary><![CDATA[0]]></upload_binary>
		<upload_compress><![CDATA[0]]></upload_compress>
		<upload_compress_wh><![CDATA[500]]></upload_compress_wh>
	</ext>
</root>