<?xml version="1.0" encoding="utf-8"?>
<root>
	<title><![CDATA[备案号]]></title>
	<identifier><![CDATA[cert]]></identifier>
	<field_type><![CDATA[varchar]]></field_type>
	<note><![CDATA[]]></note>
	<form_type><![CDATA[text]]></form_type>
	<form_style><![CDATA[]]></form_style>
	<format><![CDATA[safe]]></format>
	<content><![CDATA[]]></content>
	<ext>
		<form_btn><![CDATA[]]></form_btn>
		<width><![CDATA[300]]></width>
		<ext_quick_words><![CDATA[]]></ext_quick_words>
		<ext_quick_type><![CDATA[]]></ext_quick_type>
	</ext>
</root>